"species","yard_type_landsca","yard_type_woods","hab_dcid_woods","hab_mixed_woods","hab_park","hab_water_fresh","hab_industrial","hab_agricultural","hab_young_woods","hab_swamp","hab_marsh","nearby_feeders","cats","dogs","humans","housing_density"
"daejun","TRUE","TRUE","TRUE","TRUE","FALSE","TRUE","TRUE","FALSE","FALSE","FALSE","FALSE","TRUE","FALSE","FALSE","TRUE",2
"daejun","TRUE","TRUE","TRUE","TRUE","FALSE","TRUE","TRUE","FALSE","FALSE","FALSE","FALSE","TRUE","FALSE","FALSE","TRUE",2
"blujay","TRUE","TRUE","TRUE","TRUE","FALSE","TRUE","TRUE","FALSE","FALSE","FALSE","FALSE","TRUE","FALSE","FALSE","TRUE",2
"bkcchi","TRUE","TRUE","TRUE","TRUE","FALSE","TRUE","TRUE","FALSE","FALSE","FALSE","FALSE","TRUE","FALSE","FALSE","TRUE",2
"blujay","TRUE","TRUE","TRUE","TRUE","FALSE","TRUE","TRUE","FALSE","FALSE","FALSE","FALSE","TRUE","FALSE","FALSE","TRUE",2
"blujay","TRUE","TRUE","TRUE","TRUE","FALSE","TRUE","TRUE","FALSE","FALSE","FALSE","FALSE","TRUE","FALSE","FALSE","TRUE",2
"daejun","TRUE","FALSE","FALSE","TRUE","FALSE","FALSE","FALSE","FALSE","FALSE","FALSE","FALSE","FALSE","FALSE","FALSE","FALSE",3
"bkcchi","TRUE","FALSE","FALSE","TRUE","FALSE","FALSE","FALSE","FALSE","FALSE","FALSE","FALSE","FALSE","FALSE","FALSE","FALSE",3
"tuftit","TRUE","FALSE","FALSE","TRUE","FALSE","FALSE","FALSE","FALSE","FALSE","FALSE","FALSE","FALSE","FALSE","FALSE","FALSE",3
"daejun","TRUE","FALSE","FALSE","TRUE","FALSE","FALSE","FALSE","FALSE","FALSE","FALSE","FALSE","FALSE","FALSE","FALSE","FALSE",3
"blujay","TRUE","TRUE","TRUE","TRUE","TRUE","TRUE","FALSE","FALSE","TRUE","FALSE","TRUE","FALSE","TRUE","FALSE","TRUE",2
"tuftit","TRUE","TRUE","TRUE","TRUE","TRUE","TRUE","FALSE","FALSE","TRUE","FALSE","TRUE","FALSE","TRUE","FALSE","TRUE",2
"blujay","TRUE","TRUE","TRUE","TRUE","TRUE","TRUE","FALSE","FALSE","TRUE","FALSE","TRUE","FALSE","TRUE","FALSE","TRUE",2
"blujay","TRUE","TRUE","TRUE","TRUE","FALSE","TRUE","TRUE","FALSE","FALSE","FALSE","FALSE","TRUE","FALSE","TRUE","TRUE",3
"amegfi","TRUE","TRUE","TRUE","TRUE","FALSE","TRUE","TRUE","FALSE","FALSE","FALSE","FALSE","TRUE","FALSE","TRUE","TRUE",3
"bkcchi","TRUE","TRUE","TRUE","TRUE","FALSE","TRUE","TRUE","FALSE","FALSE","FALSE","FALSE","TRUE","FALSE","TRUE","TRUE",3
"amegfi","TRUE","TRUE","TRUE","TRUE","FALSE","TRUE","TRUE","FALSE","FALSE","FALSE","FALSE","TRUE","FALSE","TRUE","TRUE",3
"bkcchi","TRUE","TRUE","TRUE","TRUE","FALSE","TRUE","TRUE","FALSE","FALSE","FALSE","FALSE","TRUE","FALSE","TRUE","TRUE",3
"daejun","FALSE","FALSE","TRUE","TRUE","FALSE","TRUE","FALSE","TRUE","FALSE","FALSE","FALSE","TRUE","FALSE","FALSE","TRUE",1
"blujay","TRUE","TRUE","TRUE","TRUE","TRUE","FALSE","TRUE","FALSE","FALSE","TRUE","FALSE","FALSE","TRUE","FALSE","FALSE",3
"tuftit","TRUE","TRUE","TRUE","TRUE","TRUE","FALSE","TRUE","FALSE","FALSE","TRUE","FALSE","FALSE","TRUE","FALSE","FALSE",3
"daejun","TRUE","TRUE","TRUE","TRUE","TRUE","FALSE","TRUE","FALSE","FALSE","TRUE","FALSE","FALSE","TRUE","FALSE","FALSE",3
"tuftit","TRUE","TRUE","TRUE","FALSE","TRUE","TRUE","TRUE","FALSE","TRUE","FALSE","FALSE","TRUE","TRUE","TRUE","TRUE",4
"tuftit","TRUE","FALSE","TRUE","TRUE","TRUE","TRUE","FALSE","FALSE","FALSE","FALSE","FALSE","TRUE","FALSE","TRUE","TRUE",2
"blujay","TRUE","TRUE","TRUE","TRUE","TRUE","TRUE","TRUE","TRUE","FALSE","TRUE","TRUE","TRUE","FALSE","TRUE","TRUE",3
"bkcchi","TRUE","FALSE","FALSE","FALSE","TRUE","TRUE","FALSE","FALSE","FALSE","FALSE","FALSE","TRUE","FALSE","FALSE","TRUE",3
"daejun","TRUE","FALSE","FALSE","FALSE","TRUE","TRUE","FALSE","FALSE","FALSE","FALSE","FALSE","TRUE","FALSE","FALSE","TRUE",3
"amegfi","FALSE","FALSE","TRUE","TRUE","TRUE","TRUE","FALSE","FALSE","TRUE","TRUE","FALSE","FALSE","TRUE","TRUE","TRUE",3
"bkcchi","FALSE","FALSE","TRUE","TRUE","TRUE","TRUE","FALSE","FALSE","TRUE","TRUE","FALSE","FALSE","TRUE","TRUE","TRUE",3
"daejun","FALSE","FALSE","TRUE","TRUE","TRUE","TRUE","FALSE","FALSE","TRUE","TRUE","FALSE","FALSE","TRUE","TRUE","TRUE",3
"daejun","FALSE","TRUE","TRUE","FALSE","FALSE","FALSE","TRUE","FALSE","FALSE","FALSE","FALSE","TRUE","TRUE","FALSE","TRUE",2
"daejun","FALSE","TRUE","TRUE","FALSE","FALSE","FALSE","TRUE","FALSE","FALSE","FALSE","FALSE","TRUE","TRUE","FALSE","TRUE",2
"tuftit","FALSE","TRUE","TRUE","FALSE","FALSE","FALSE","TRUE","FALSE","FALSE","FALSE","FALSE","TRUE","TRUE","FALSE","TRUE",2
"amegfi","TRUE","TRUE","TRUE","TRUE","FALSE","TRUE","FALSE","FALSE","FALSE","TRUE","FALSE","FALSE","FALSE","TRUE","TRUE",2
"daejun","TRUE","TRUE","FALSE","TRUE","TRUE","FALSE","TRUE","FALSE","FALSE","FALSE","FALSE","TRUE","FALSE","TRUE","TRUE",3
"daejun","TRUE","TRUE","FALSE","TRUE","TRUE","FALSE","TRUE","FALSE","FALSE","FALSE","FALSE","TRUE","FALSE","TRUE","TRUE",3
"bkcchi","TRUE","TRUE","FALSE","TRUE","TRUE","FALSE","TRUE","FALSE","FALSE","FALSE","FALSE","TRUE","FALSE","TRUE","TRUE",3
"daejun","TRUE","TRUE","FALSE","TRUE","TRUE","FALSE","TRUE","FALSE","FALSE","FALSE","FALSE","TRUE","FALSE","TRUE","TRUE",3
"daejun","TRUE","TRUE","FALSE","TRUE","TRUE","TRUE","TRUE","FALSE","FALSE","FALSE","FALSE","TRUE","FALSE","TRUE","TRUE",3
"bkcchi","TRUE","TRUE","TRUE","TRUE","FALSE","FALSE","FALSE","TRUE","FALSE","FALSE","TRUE","TRUE","TRUE","FALSE","FALSE",1
"bkcchi","TRUE","TRUE","TRUE","TRUE","FALSE","FALSE","FALSE","TRUE","FALSE","FALSE","TRUE","TRUE","TRUE","FALSE","FALSE",1
"daejun","FALSE","TRUE","FALSE","TRUE","FALSE","FALSE","FALSE","FALSE","TRUE","FALSE","FALSE","TRUE","TRUE","TRUE","TRUE",1
"amegfi","FALSE","TRUE","FALSE","TRUE","FALSE","FALSE","FALSE","FALSE","TRUE","FALSE","FALSE","TRUE","TRUE","TRUE","TRUE",1
"blujay","FALSE","TRUE","FALSE","TRUE","FALSE","FALSE","FALSE","FALSE","TRUE","FALSE","FALSE","TRUE","TRUE","TRUE","TRUE",1
"daejun","FALSE","TRUE","FALSE","TRUE","FALSE","FALSE","FALSE","FALSE","TRUE","FALSE","FALSE","TRUE","TRUE","TRUE","TRUE",1
"blujay","TRUE","TRUE","TRUE","TRUE","FALSE","FALSE","FALSE","FALSE","FALSE","FALSE","FALSE","FALSE","FALSE","FALSE","FALSE",2
"daejun","TRUE","FALSE","FALSE","TRUE","FALSE","FALSE","TRUE","TRUE","FALSE","FALSE","FALSE","FALSE","FALSE","TRUE","TRUE",2
"bkcchi","TRUE","FALSE","FALSE","TRUE","FALSE","FALSE","TRUE","TRUE","FALSE","FALSE","FALSE","FALSE","FALSE","TRUE","TRUE",2
"blujay","TRUE","TRUE","TRUE","TRUE","FALSE","TRUE","FALSE","TRUE","FALSE","FALSE","FALSE","TRUE","FALSE","TRUE","TRUE",1
"blujay","TRUE","TRUE","TRUE","TRUE","FALSE","TRUE","FALSE","TRUE","FALSE","FALSE","FALSE","TRUE","FALSE","TRUE","TRUE",1
"daejun","TRUE","TRUE","TRUE","TRUE","TRUE","FALSE","FALSE","FALSE","FALSE","FALSE","FALSE","TRUE","FALSE","TRUE","TRUE",3
"blujay","TRUE","TRUE","TRUE","TRUE","FALSE","TRUE","FALSE","TRUE","TRUE","FALSE","TRUE","FALSE","FALSE","FALSE","FALSE",1
"amegfi","TRUE","TRUE","TRUE","TRUE","FALSE","TRUE","FALSE","TRUE","TRUE","FALSE","TRUE","FALSE","FALSE","FALSE","FALSE",1
"daejun","TRUE","TRUE","TRUE","TRUE","FALSE","TRUE","FALSE","TRUE","TRUE","FALSE","TRUE","FALSE","FALSE","FALSE","FALSE",1
"bkcchi","TRUE","FALSE","FALSE","TRUE","FALSE","FALSE","FALSE","FALSE","TRUE","TRUE","FALSE","TRUE","FALSE","FALSE","TRUE",2
"daejun","TRUE","FALSE","FALSE","TRUE","FALSE","FALSE","FALSE","FALSE","TRUE","TRUE","FALSE","TRUE","FALSE","FALSE","TRUE",2
"amegfi","TRUE","TRUE","TRUE","TRUE","TRUE","TRUE","TRUE","FALSE","TRUE","FALSE","FALSE","FALSE","TRUE","TRUE","TRUE",4
"tuftit","FALSE","TRUE","TRUE","TRUE","FALSE","TRUE","FALSE","FALSE","TRUE","TRUE","TRUE","FALSE","FALSE","FALSE","TRUE",1
"bkcchi","FALSE","TRUE","TRUE","TRUE","FALSE","TRUE","FALSE","FALSE","TRUE","TRUE","TRUE","FALSE","FALSE","FALSE","TRUE",1
"daejun","FALSE","TRUE","TRUE","TRUE","FALSE","TRUE","FALSE","TRUE","TRUE","FALSE","FALSE","FALSE","TRUE","FALSE","TRUE",1
"amegfi","FALSE","TRUE","TRUE","TRUE","FALSE","TRUE","FALSE","TRUE","TRUE","FALSE","FALSE","FALSE","TRUE","FALSE","TRUE",1
"amegfi","FALSE","TRUE","TRUE","TRUE","FALSE","TRUE","FALSE","TRUE","TRUE","FALSE","FALSE","FALSE","TRUE","FALSE","TRUE",1
"tuftit","FALSE","TRUE","TRUE","TRUE","FALSE","TRUE","FALSE","TRUE","TRUE","FALSE","FALSE","FALSE","TRUE","FALSE","TRUE",1
"blujay","TRUE","TRUE","FALSE","FALSE","TRUE","FALSE","FALSE","FALSE","FALSE","FALSE","FALSE","TRUE","FALSE","TRUE","TRUE",3
"daejun","TRUE","TRUE","FALSE","TRUE","FALSE","FALSE","FALSE","FALSE","FALSE","FALSE","FALSE","FALSE","TRUE","TRUE","TRUE",3
"daejun","TRUE","TRUE","FALSE","TRUE","FALSE","FALSE","FALSE","FALSE","FALSE","FALSE","FALSE","FALSE","TRUE","TRUE","TRUE",3
"daejun","TRUE","TRUE","FALSE","TRUE","FALSE","FALSE","FALSE","FALSE","FALSE","FALSE","FALSE","FALSE","TRUE","TRUE","TRUE",3
"daejun","TRUE","TRUE","FALSE","TRUE","FALSE","FALSE","FALSE","FALSE","FALSE","FALSE","FALSE","FALSE","TRUE","TRUE","TRUE",3
"tuftit","TRUE","TRUE","FALSE","TRUE","FALSE","TRUE","FALSE","FALSE","FALSE","FALSE","FALSE","FALSE","FALSE","FALSE","TRUE",3
"amegfi","TRUE","TRUE","FALSE","TRUE","FALSE","TRUE","FALSE","FALSE","FALSE","FALSE","FALSE","FALSE","FALSE","FALSE","TRUE",3
"blujay","TRUE","TRUE","FALSE","TRUE","FALSE","TRUE","FALSE","FALSE","FALSE","FALSE","FALSE","FALSE","FALSE","FALSE","TRUE",3
"amegfi","TRUE","TRUE","FALSE","TRUE","FALSE","TRUE","TRUE","FALSE","TRUE","FALSE","FALSE","FALSE","TRUE","TRUE","TRUE",2
"bkcchi","TRUE","TRUE","FALSE","TRUE","FALSE","TRUE","TRUE","FALSE","TRUE","FALSE","FALSE","FALSE","TRUE","TRUE","TRUE",2
"amegfi","TRUE","TRUE","FALSE","TRUE","FALSE","TRUE","TRUE","FALSE","TRUE","FALSE","FALSE","FALSE","TRUE","TRUE","TRUE",2
"bkcchi","TRUE","TRUE","FALSE","TRUE","FALSE","TRUE","FALSE","FALSE","TRUE","FALSE","FALSE","TRUE","FALSE","FALSE","FALSE",2
"bkcchi","TRUE","TRUE","FALSE","TRUE","FALSE","TRUE","FALSE","FALSE","TRUE","FALSE","FALSE","TRUE","FALSE","FALSE","FALSE",2
"bkcchi","TRUE","FALSE","FALSE","FALSE","TRUE","FALSE","TRUE","FALSE","FALSE","FALSE","TRUE","TRUE","FALSE","FALSE","TRUE",3
"amegfi","TRUE","FALSE","FALSE","FALSE","TRUE","FALSE","TRUE","FALSE","FALSE","FALSE","TRUE","TRUE","FALSE","FALSE","TRUE",3
"bkcchi","TRUE","FALSE","FALSE","FALSE","TRUE","FALSE","TRUE","FALSE","FALSE","FALSE","TRUE","TRUE","FALSE","FALSE","TRUE",3
"bkcchi","TRUE","FALSE","FALSE","FALSE","TRUE","FALSE","TRUE","FALSE","FALSE","FALSE","TRUE","TRUE","FALSE","FALSE","TRUE",3
"amegfi","TRUE","TRUE","TRUE","FALSE","TRUE","FALSE","FALSE","FALSE","FALSE","FALSE","FALSE","TRUE","FALSE","TRUE","TRUE",2
"daejun","TRUE","TRUE","TRUE","FALSE","TRUE","FALSE","FALSE","FALSE","FALSE","FALSE","FALSE","TRUE","FALSE","TRUE","TRUE",2
"tuftit","TRUE","TRUE","TRUE","TRUE","TRUE","TRUE","FALSE","TRUE","FALSE","FALSE","TRUE","TRUE","FALSE","FALSE","TRUE",2
"amegfi","TRUE","TRUE","TRUE","TRUE","TRUE","TRUE","FALSE","TRUE","FALSE","FALSE","TRUE","TRUE","FALSE","FALSE","TRUE",2
"tuftit","TRUE","TRUE","TRUE","TRUE","TRUE","TRUE","FALSE","TRUE","FALSE","FALSE","TRUE","TRUE","FALSE","FALSE","TRUE",2
"amegfi","TRUE","TRUE","TRUE","TRUE","TRUE","TRUE","FALSE","TRUE","FALSE","FALSE","TRUE","TRUE","FALSE","FALSE","TRUE",2
"bkcchi","TRUE","TRUE","FALSE","TRUE","TRUE","FALSE","FALSE","FALSE","TRUE","FALSE","FALSE","FALSE","TRUE","TRUE","TRUE",3
"amegfi","TRUE","TRUE","FALSE","TRUE","FALSE","FALSE","TRUE","FALSE","FALSE","FALSE","FALSE","FALSE","TRUE","TRUE","TRUE",3
"amegfi","TRUE","TRUE","FALSE","TRUE","FALSE","FALSE","TRUE","FALSE","FALSE","FALSE","FALSE","FALSE","TRUE","TRUE","TRUE",3
"daejun","TRUE","TRUE","FALSE","TRUE","FALSE","FALSE","TRUE","FALSE","FALSE","FALSE","FALSE","FALSE","TRUE","TRUE","TRUE",3
"amegfi","TRUE","TRUE","FALSE","TRUE","FALSE","FALSE","TRUE","FALSE","FALSE","FALSE","FALSE","FALSE","TRUE","TRUE","TRUE",3
"blujay","TRUE","TRUE","FALSE","TRUE","TRUE","TRUE","FALSE","FALSE","TRUE","FALSE","TRUE","FALSE","FALSE","TRUE","TRUE",3
"bkcchi","TRUE","TRUE","FALSE","TRUE","TRUE","TRUE","FALSE","FALSE","TRUE","FALSE","TRUE","FALSE","FALSE","TRUE","TRUE",3
"bkcchi","TRUE","TRUE","FALSE","TRUE","TRUE","TRUE","FALSE","FALSE","TRUE","FALSE","TRUE","FALSE","FALSE","TRUE","TRUE",3
"blujay","TRUE","TRUE","FALSE","FALSE","FALSE","FALSE","FALSE","FALSE","FALSE","FALSE","FALSE","FALSE","TRUE","TRUE","TRUE",2
"daejun","TRUE","TRUE","FALSE","TRUE","TRUE","FALSE","FALSE","FALSE","FALSE","FALSE","FALSE","TRUE","TRUE","TRUE","TRUE",2
"amegfi","FALSE","FALSE","TRUE","TRUE","TRUE","TRUE","TRUE","FALSE","TRUE","FALSE","FALSE","TRUE","TRUE","FALSE","TRUE",3
"tuftit","TRUE","TRUE","FALSE","TRUE","TRUE","TRUE","FALSE","FALSE","FALSE","FALSE","TRUE","FALSE","TRUE","TRUE","TRUE",3
"blujay","TRUE","TRUE","FALSE","TRUE","TRUE","TRUE","FALSE","FALSE","FALSE","FALSE","TRUE","FALSE","TRUE","TRUE","TRUE",3
"tuftit","TRUE","TRUE","FALSE","TRUE","TRUE","TRUE","TRUE","FALSE","FALSE","FALSE","TRUE","TRUE","FALSE","FALSE","FALSE",3
"tuftit","TRUE","TRUE","FALSE","TRUE","TRUE","TRUE","TRUE","FALSE","FALSE","FALSE","TRUE","TRUE","FALSE","FALSE","FALSE",3
"daejun","TRUE","TRUE","FALSE","FALSE","FALSE","FALSE","FALSE","FALSE","FALSE","FALSE","FALSE","TRUE","TRUE","FALSE","TRUE",3
"daejun","TRUE","TRUE","FALSE","FALSE","FALSE","FALSE","FALSE","FALSE","FALSE","FALSE","FALSE","TRUE","TRUE","FALSE","TRUE",3
"daejun","TRUE","TRUE","FALSE","TRUE","TRUE","FALSE","FALSE","FALSE","FALSE","FALSE","FALSE","TRUE","FALSE","FALSE","TRUE",3
"blujay","TRUE","TRUE","TRUE","TRUE","TRUE","TRUE","TRUE","FALSE","TRUE","TRUE","FALSE","TRUE","FALSE","FALSE","FALSE",4
"tuftit","TRUE","TRUE","TRUE","TRUE","TRUE","TRUE","TRUE","FALSE","TRUE","TRUE","FALSE","TRUE","FALSE","FALSE","FALSE",4
"blujay","TRUE","TRUE","TRUE","TRUE","TRUE","TRUE","TRUE","FALSE","TRUE","TRUE","FALSE","TRUE","FALSE","FALSE","FALSE",4
"tuftit","TRUE","TRUE","TRUE","TRUE","FALSE","TRUE","TRUE","TRUE","FALSE","TRUE","FALSE","TRUE","FALSE","TRUE","TRUE",2
"amegfi","TRUE","TRUE","TRUE","TRUE","FALSE","TRUE","TRUE","TRUE","FALSE","TRUE","FALSE","TRUE","FALSE","TRUE","TRUE",2
"bkcchi","FALSE","TRUE","TRUE","TRUE","FALSE","TRUE","FALSE","FALSE","FALSE","FALSE","TRUE","FALSE","FALSE","TRUE","TRUE",1
"amegfi","TRUE","FALSE","TRUE","TRUE","FALSE","FALSE","FALSE","TRUE","TRUE","FALSE","FALSE","FALSE","FALSE","TRUE","TRUE",2
"bkcchi","TRUE","FALSE","FALSE","TRUE","FALSE","FALSE","FALSE","TRUE","TRUE","TRUE","TRUE","FALSE","FALSE","FALSE","TRUE",1
"daejun","TRUE","FALSE","FALSE","TRUE","FALSE","FALSE","FALSE","TRUE","TRUE","TRUE","TRUE","FALSE","FALSE","FALSE","TRUE",1
"amegfi","TRUE","TRUE","FALSE","FALSE","TRUE","FALSE","FALSE","FALSE","FALSE","FALSE","FALSE","FALSE","TRUE","TRUE","FALSE",3
"amegfi","TRUE","TRUE","FALSE","FALSE","TRUE","FALSE","FALSE","FALSE","FALSE","FALSE","FALSE","TRUE","FALSE","FALSE","TRUE",3
"amegfi","TRUE","TRUE","TRUE","TRUE","TRUE","TRUE","TRUE","FALSE","TRUE","FALSE","TRUE","TRUE","FALSE","TRUE","TRUE",3
"amegfi","TRUE","TRUE","TRUE","TRUE","TRUE","TRUE","TRUE","FALSE","TRUE","FALSE","TRUE","TRUE","FALSE","TRUE","TRUE",3
"blujay","TRUE","TRUE","TRUE","TRUE","TRUE","TRUE","TRUE","FALSE","TRUE","FALSE","TRUE","TRUE","FALSE","TRUE","TRUE",3
"daejun","TRUE","TRUE","FALSE","FALSE","TRUE","FALSE","TRUE","FALSE","TRUE","FALSE","FALSE","TRUE","TRUE","TRUE","TRUE",2
"daejun","TRUE","TRUE","FALSE","TRUE","FALSE","TRUE","FALSE","TRUE","TRUE","FALSE","FALSE","TRUE","FALSE","FALSE","TRUE",1
"bkcchi","TRUE","FALSE","FALSE","FALSE","TRUE","FALSE","TRUE","FALSE","FALSE","FALSE","FALSE","FALSE","TRUE","FALSE","TRUE",1
"blujay","TRUE","FALSE","FALSE","FALSE","TRUE","FALSE","TRUE","FALSE","FALSE","FALSE","FALSE","FALSE","TRUE","FALSE","TRUE",1
"bkcchi","TRUE","FALSE","FALSE","FALSE","TRUE","FALSE","TRUE","FALSE","FALSE","FALSE","FALSE","FALSE","TRUE","FALSE","TRUE",1
"bkcchi","TRUE","FALSE","FALSE","FALSE","TRUE","FALSE","TRUE","FALSE","FALSE","FALSE","FALSE","FALSE","TRUE","FALSE","TRUE",1
"bkcchi","TRUE","FALSE","FALSE","FALSE","TRUE","FALSE","TRUE","FALSE","FALSE","FALSE","FALSE","FALSE","TRUE","FALSE","TRUE",1
"amegfi","TRUE","FALSE","FALSE","FALSE","TRUE","FALSE","FALSE","FALSE","FALSE","FALSE","FALSE","FALSE","FALSE","TRUE","TRUE",3
"tuftit","TRUE","TRUE","TRUE","FALSE","FALSE","TRUE","TRUE","TRUE","FALSE","FALSE","FALSE","FALSE","TRUE","TRUE","TRUE",2
"tuftit","TRUE","TRUE","TRUE","TRUE","FALSE","TRUE","TRUE","FALSE","FALSE","FALSE","FALSE","TRUE","FALSE","TRUE","TRUE",1
"bkcchi","TRUE","TRUE","TRUE","TRUE","FALSE","TRUE","TRUE","FALSE","FALSE","FALSE","FALSE","TRUE","FALSE","TRUE","TRUE",1
"amegfi","TRUE","TRUE","TRUE","TRUE","FALSE","TRUE","TRUE","FALSE","FALSE","FALSE","FALSE","TRUE","FALSE","TRUE","TRUE",1
"daejun","TRUE","TRUE","FALSE","TRUE","FALSE","TRUE","FALSE","FALSE","FALSE","FALSE","FALSE","FALSE","FALSE","TRUE","TRUE",1
"daejun","TRUE","TRUE","TRUE","TRUE","FALSE","FALSE","FALSE","FALSE","FALSE","FALSE","FALSE","FALSE","TRUE","FALSE","TRUE",3
"daejun","TRUE","TRUE","TRUE","TRUE","FALSE","FALSE","FALSE","FALSE","FALSE","FALSE","FALSE","FALSE","TRUE","FALSE","TRUE",3
"bkcchi","FALSE","TRUE","FALSE","TRUE","FALSE","FALSE","FALSE","FALSE","FALSE","FALSE","FALSE","FALSE","FALSE","FALSE","TRUE",1
"blujay","TRUE","TRUE","TRUE","TRUE","FALSE","TRUE","FALSE","TRUE","FALSE","TRUE","TRUE","FALSE","FALSE","TRUE","TRUE",2
"daejun","TRUE","TRUE","FALSE","TRUE","TRUE","TRUE","FALSE","TRUE","FALSE","TRUE","TRUE","TRUE","TRUE","FALSE","TRUE",2
"daejun","TRUE","FALSE","TRUE","TRUE","TRUE","FALSE","FALSE","FALSE","FALSE","FALSE","FALSE","TRUE","FALSE","FALSE","TRUE",3
"bkcchi","TRUE","FALSE","TRUE","TRUE","TRUE","FALSE","FALSE","FALSE","FALSE","FALSE","FALSE","TRUE","FALSE","FALSE","TRUE",3
"amegfi","TRUE","FALSE","TRUE","TRUE","TRUE","FALSE","FALSE","FALSE","FALSE","FALSE","FALSE","TRUE","FALSE","FALSE","TRUE",3
"amegfi","TRUE","FALSE","TRUE","TRUE","TRUE","FALSE","FALSE","FALSE","FALSE","FALSE","FALSE","TRUE","FALSE","FALSE","TRUE",3
"amegfi","TRUE","FALSE","TRUE","TRUE","TRUE","FALSE","FALSE","FALSE","FALSE","FALSE","FALSE","TRUE","FALSE","FALSE","TRUE",3
"tuftit","TRUE","FALSE","TRUE","TRUE","TRUE","FALSE","FALSE","FALSE","FALSE","FALSE","FALSE","TRUE","FALSE","FALSE","TRUE",3
"bkcchi","TRUE","TRUE","TRUE","FALSE","TRUE","FALSE","TRUE","FALSE","TRUE","FALSE","FALSE","FALSE","TRUE","FALSE","TRUE",3
"daejun","TRUE","FALSE","FALSE","FALSE","TRUE","FALSE","TRUE","FALSE","FALSE","FALSE","FALSE","TRUE","TRUE","FALSE","TRUE",3
"tuftit","FALSE","TRUE","FALSE","TRUE","FALSE","TRUE","FALSE","FALSE","FALSE","TRUE","TRUE","FALSE","FALSE","TRUE","TRUE",1
"blujay","FALSE","TRUE","FALSE","TRUE","FALSE","TRUE","FALSE","FALSE","FALSE","TRUE","TRUE","FALSE","FALSE","TRUE","TRUE",1
"blujay","FALSE","TRUE","FALSE","TRUE","FALSE","TRUE","FALSE","FALSE","FALSE","TRUE","TRUE","FALSE","FALSE","TRUE","TRUE",1
"amegfi","FALSE","TRUE","FALSE","TRUE","FALSE","TRUE","FALSE","FALSE","FALSE","TRUE","TRUE","FALSE","FALSE","TRUE","TRUE",1
"bkcchi","FALSE","TRUE","FALSE","TRUE","FALSE","TRUE","FALSE","FALSE","FALSE","TRUE","TRUE","FALSE","FALSE","TRUE","TRUE",1
"amegfi","FALSE","TRUE","FALSE","TRUE","FALSE","TRUE","FALSE","FALSE","FALSE","TRUE","TRUE","FALSE","FALSE","TRUE","TRUE",1
"daejun","TRUE","TRUE","TRUE","TRUE","FALSE","FALSE","FALSE","TRUE","FALSE","TRUE","TRUE","FALSE","FALSE","FALSE","TRUE",1
"amegfi","TRUE","TRUE","TRUE","FALSE","FALSE","TRUE","FALSE","TRUE","TRUE","FALSE","FALSE","TRUE","TRUE","FALSE","TRUE",1
"amegfi","TRUE","TRUE","TRUE","FALSE","FALSE","TRUE","FALSE","TRUE","TRUE","FALSE","FALSE","TRUE","TRUE","FALSE","TRUE",1
"amegfi","TRUE","TRUE","TRUE","FALSE","FALSE","TRUE","FALSE","TRUE","TRUE","FALSE","FALSE","TRUE","TRUE","FALSE","TRUE",1
"tuftit","TRUE","TRUE","TRUE","FALSE","FALSE","TRUE","FALSE","TRUE","TRUE","FALSE","FALSE","TRUE","TRUE","FALSE","TRUE",1
"amegfi","TRUE","TRUE","TRUE","FALSE","FALSE","TRUE","FALSE","TRUE","TRUE","FALSE","FALSE","TRUE","TRUE","FALSE","TRUE",1
"blujay","TRUE","TRUE","TRUE","FALSE","FALSE","TRUE","FALSE","TRUE","TRUE","FALSE","FALSE","TRUE","TRUE","FALSE","TRUE",1
"amegfi","TRUE","TRUE","TRUE","FALSE","FALSE","TRUE","FALSE","TRUE","TRUE","FALSE","FALSE","TRUE","TRUE","FALSE","TRUE",1
"daejun","TRUE","TRUE","FALSE","FALSE","FALSE","TRUE","FALSE","TRUE","FALSE","FALSE","FALSE","TRUE","TRUE","TRUE","TRUE",3
"tuftit","TRUE","TRUE","FALSE","FALSE","FALSE","TRUE","FALSE","TRUE","FALSE","FALSE","FALSE","TRUE","TRUE","TRUE","TRUE",3
"blujay","TRUE","TRUE","FALSE","FALSE","FALSE","TRUE","FALSE","TRUE","FALSE","FALSE","FALSE","TRUE","TRUE","TRUE","TRUE",3
"bkcchi","TRUE","TRUE","TRUE","TRUE","FALSE","TRUE","FALSE","FALSE","TRUE","TRUE","FALSE","FALSE","FALSE","TRUE","TRUE",1
"bkcchi","TRUE","TRUE","TRUE","TRUE","FALSE","TRUE","FALSE","FALSE","TRUE","TRUE","FALSE","FALSE","FALSE","TRUE","TRUE",1
"daejun","TRUE","TRUE","TRUE","TRUE","FALSE","TRUE","FALSE","FALSE","TRUE","TRUE","FALSE","FALSE","FALSE","TRUE","TRUE",1
"bkcchi","TRUE","TRUE","TRUE","TRUE","FALSE","TRUE","FALSE","FALSE","TRUE","TRUE","FALSE","FALSE","FALSE","TRUE","TRUE",1
"blujay","TRUE","TRUE","TRUE","TRUE","FALSE","TRUE","FALSE","FALSE","TRUE","TRUE","FALSE","FALSE","FALSE","TRUE","TRUE",1
"tuftit","TRUE","TRUE","TRUE","TRUE","FALSE","TRUE","FALSE","FALSE","TRUE","TRUE","FALSE","FALSE","TRUE","FALSE","TRUE",2
"amegfi","TRUE","TRUE","TRUE","TRUE","FALSE","TRUE","FALSE","FALSE","TRUE","TRUE","FALSE","FALSE","TRUE","FALSE","TRUE",2
"daejun","TRUE","TRUE","TRUE","TRUE","FALSE","TRUE","FALSE","FALSE","TRUE","TRUE","FALSE","FALSE","TRUE","FALSE","TRUE",2
"bkcchi","TRUE","TRUE","TRUE","TRUE","FALSE","TRUE","FALSE","FALSE","TRUE","TRUE","FALSE","FALSE","TRUE","FALSE","TRUE",2
"blujay","TRUE","TRUE","TRUE","TRUE","FALSE","TRUE","FALSE","FALSE","TRUE","TRUE","FALSE","FALSE","TRUE","FALSE","TRUE",2
"bkcchi","TRUE","TRUE","FALSE","TRUE","FALSE","FALSE","FALSE","FALSE","FALSE","FALSE","FALSE","TRUE","FALSE","FALSE","FALSE",2
"bkcchi","TRUE","TRUE","FALSE","TRUE","FALSE","FALSE","FALSE","FALSE","FALSE","FALSE","FALSE","TRUE","FALSE","FALSE","FALSE",2
"blujay","TRUE","TRUE","TRUE","TRUE","FALSE","TRUE","FALSE","FALSE","FALSE","FALSE","FALSE","TRUE","FALSE","FALSE","FALSE",1
"amegfi","FALSE","FALSE","FALSE","TRUE","TRUE","TRUE","FALSE","FALSE","TRUE","FALSE","TRUE","FALSE","FALSE","FALSE","TRUE",3
"amegfi","TRUE","TRUE","FALSE","TRUE","FALSE","FALSE","FALSE","TRUE","FALSE","FALSE","FALSE","FALSE","FALSE","TRUE","TRUE",1
"bkcchi","TRUE","TRUE","FALSE","TRUE","FALSE","FALSE","FALSE","TRUE","FALSE","FALSE","FALSE","FALSE","FALSE","TRUE","TRUE",1
"blujay","TRUE","TRUE","FALSE","TRUE","FALSE","FALSE","FALSE","TRUE","FALSE","FALSE","FALSE","FALSE","FALSE","TRUE","TRUE",1
"daejun","TRUE","TRUE","FALSE","TRUE","FALSE","FALSE","FALSE","FALSE","TRUE","FALSE","FALSE","FALSE","TRUE","FALSE","TRUE",2
"tuftit","TRUE","TRUE","TRUE","TRUE","FALSE","TRUE","FALSE","TRUE","TRUE","FALSE","FALSE","TRUE","FALSE","TRUE","TRUE",1
"blujay","TRUE","TRUE","TRUE","TRUE","FALSE","TRUE","FALSE","TRUE","TRUE","FALSE","FALSE","TRUE","FALSE","TRUE","TRUE",1
"bkcchi","TRUE","TRUE","FALSE","TRUE","TRUE","TRUE","FALSE","TRUE","FALSE","FALSE","FALSE","TRUE","FALSE","TRUE","TRUE",2
"amegfi","TRUE","TRUE","FALSE","TRUE","TRUE","TRUE","FALSE","TRUE","FALSE","FALSE","FALSE","TRUE","FALSE","TRUE","TRUE",2
"blujay","TRUE","TRUE","FALSE","TRUE","TRUE","TRUE","FALSE","TRUE","FALSE","FALSE","FALSE","TRUE","FALSE","TRUE","TRUE",2
"blujay","TRUE","TRUE","FALSE","TRUE","TRUE","TRUE","FALSE","TRUE","FALSE","FALSE","FALSE","TRUE","FALSE","TRUE","TRUE",2
"daejun","TRUE","TRUE","FALSE","TRUE","TRUE","TRUE","FALSE","TRUE","FALSE","FALSE","FALSE","TRUE","FALSE","TRUE","TRUE",2
"tuftit","TRUE","TRUE","FALSE","TRUE","TRUE","TRUE","FALSE","TRUE","FALSE","FALSE","FALSE","TRUE","FALSE","TRUE","TRUE",2
"tuftit","TRUE","TRUE","FALSE","TRUE","TRUE","TRUE","FALSE","TRUE","FALSE","FALSE","FALSE","TRUE","FALSE","TRUE","TRUE",2
"amegfi","TRUE","FALSE","FALSE","FALSE","TRUE","FALSE","FALSE","TRUE","FALSE","FALSE","FALSE","TRUE","TRUE","FALSE","TRUE",2
"bkcchi","TRUE","FALSE","FALSE","FALSE","TRUE","FALSE","TRUE","FALSE","FALSE","FALSE","FALSE","TRUE","FALSE","TRUE","TRUE",3
"blujay","TRUE","FALSE","FALSE","FALSE","TRUE","FALSE","TRUE","FALSE","FALSE","FALSE","FALSE","TRUE","FALSE","TRUE","TRUE",3
"amegfi","TRUE","FALSE","FALSE","FALSE","TRUE","FALSE","TRUE","FALSE","FALSE","FALSE","FALSE","TRUE","FALSE","TRUE","TRUE",3
"tuftit","TRUE","TRUE","TRUE","TRUE","FALSE","TRUE","TRUE","FALSE","TRUE","FALSE","FALSE","FALSE","TRUE","FALSE","TRUE",2
"amegfi","TRUE","TRUE","TRUE","TRUE","FALSE","TRUE","TRUE","FALSE","TRUE","FALSE","FALSE","FALSE","TRUE","FALSE","TRUE",2
"blujay","TRUE","TRUE","FALSE","TRUE","TRUE","FALSE","FALSE","FALSE","TRUE","FALSE","FALSE","FALSE","FALSE","FALSE","FALSE",3
"blujay","TRUE","TRUE","FALSE","TRUE","TRUE","FALSE","FALSE","FALSE","TRUE","FALSE","FALSE","FALSE","FALSE","FALSE","FALSE",3
"amegfi","TRUE","TRUE","FALSE","TRUE","TRUE","FALSE","FALSE","FALSE","TRUE","FALSE","FALSE","FALSE","FALSE","FALSE","FALSE",3
"blujay","TRUE","TRUE","FALSE","TRUE","TRUE","FALSE","FALSE","FALSE","TRUE","FALSE","FALSE","FALSE","FALSE","FALSE","FALSE",3
"daejun","TRUE","TRUE","TRUE","TRUE","TRUE","FALSE","FALSE","FALSE","FALSE","TRUE","FALSE","TRUE","FALSE","FALSE","TRUE",3
"daejun","TRUE","TRUE","TRUE","TRUE","TRUE","FALSE","FALSE","FALSE","FALSE","TRUE","FALSE","TRUE","FALSE","FALSE","TRUE",3
"bkcchi","TRUE","TRUE","TRUE","TRUE","TRUE","FALSE","FALSE","FALSE","FALSE","TRUE","FALSE","TRUE","FALSE","FALSE","TRUE",3
"daejun","TRUE","TRUE","TRUE","TRUE","TRUE","FALSE","FALSE","FALSE","FALSE","TRUE","FALSE","TRUE","FALSE","FALSE","TRUE",3
"daejun","TRUE","FALSE","FALSE","FALSE","TRUE","FALSE","FALSE","TRUE","FALSE","FALSE","FALSE","FALSE","TRUE","TRUE","TRUE",3
"amegfi","TRUE","FALSE","FALSE","FALSE","TRUE","FALSE","FALSE","TRUE","FALSE","FALSE","FALSE","FALSE","TRUE","TRUE","TRUE",3
"bkcchi","TRUE","TRUE","FALSE","FALSE","TRUE","TRUE","FALSE","FALSE","TRUE","FALSE","FALSE","FALSE","FALSE","TRUE","TRUE",3
"tuftit","TRUE","TRUE","FALSE","FALSE","TRUE","TRUE","FALSE","FALSE","TRUE","FALSE","FALSE","FALSE","FALSE","TRUE","TRUE",3
"daejun","TRUE","FALSE","FALSE","FALSE","TRUE","TRUE","TRUE","TRUE","FALSE","FALSE","FALSE","FALSE","FALSE","TRUE","TRUE",2
"bkcchi","TRUE","TRUE","TRUE","TRUE","TRUE","TRUE","FALSE","TRUE","TRUE","FALSE","FALSE","FALSE","FALSE","TRUE","TRUE",2
"amegfi","TRUE","TRUE","TRUE","TRUE","TRUE","TRUE","FALSE","TRUE","TRUE","FALSE","FALSE","FALSE","FALSE","TRUE","TRUE",2
"blujay","TRUE","TRUE","TRUE","TRUE","TRUE","TRUE","FALSE","TRUE","TRUE","FALSE","FALSE","FALSE","FALSE","TRUE","TRUE",2
"blujay","TRUE","TRUE","TRUE","TRUE","TRUE","TRUE","FALSE","TRUE","TRUE","FALSE","FALSE","FALSE","FALSE","TRUE","TRUE",2
"bkcchi","TRUE","TRUE","TRUE","TRUE","TRUE","TRUE","FALSE","TRUE","TRUE","FALSE","FALSE","FALSE","FALSE","TRUE","TRUE",1
"amegfi","TRUE","TRUE","TRUE","TRUE","TRUE","TRUE","FALSE","TRUE","TRUE","FALSE","FALSE","FALSE","FALSE","TRUE","TRUE",1
"blujay","TRUE","TRUE","TRUE","TRUE","TRUE","TRUE","FALSE","TRUE","TRUE","FALSE","FALSE","FALSE","FALSE","TRUE","TRUE",1
"bkcchi","TRUE","TRUE","FALSE","TRUE","FALSE","FALSE","FALSE","FALSE","FALSE","FALSE","TRUE","FALSE","TRUE","TRUE","TRUE",1
"amegfi","TRUE","TRUE","FALSE","TRUE","FALSE","FALSE","FALSE","FALSE","FALSE","FALSE","TRUE","FALSE","TRUE","TRUE","TRUE",1
"bkcchi","TRUE","TRUE","FALSE","TRUE","FALSE","FALSE","FALSE","FALSE","FALSE","FALSE","TRUE","FALSE","TRUE","TRUE","TRUE",1
"bkcchi","TRUE","TRUE","FALSE","TRUE","FALSE","FALSE","FALSE","FALSE","FALSE","FALSE","TRUE","FALSE","TRUE","TRUE","TRUE",1
"amegfi","TRUE","TRUE","TRUE","TRUE","FALSE","TRUE","FALSE","TRUE","TRUE","FALSE","FALSE","TRUE","FALSE","FALSE","TRUE",1
"daejun","TRUE","TRUE","TRUE","TRUE","FALSE","TRUE","FALSE","TRUE","TRUE","FALSE","FALSE","TRUE","FALSE","FALSE","TRUE",1
"amegfi","TRUE","TRUE","TRUE","TRUE","FALSE","TRUE","FALSE","TRUE","TRUE","FALSE","FALSE","TRUE","FALSE","FALSE","TRUE",1
"amegfi","TRUE","TRUE","FALSE","FALSE","TRUE","TRUE","FALSE","FALSE","TRUE","FALSE","FALSE","TRUE","TRUE","TRUE","TRUE",3
"amegfi","TRUE","FALSE","TRUE","TRUE","FALSE","TRUE","FALSE","TRUE","FALSE","FALSE","FALSE","TRUE","FALSE","TRUE","TRUE",2
"daejun","TRUE","FALSE","TRUE","TRUE","FALSE","TRUE","FALSE","TRUE","FALSE","FALSE","FALSE","TRUE","FALSE","TRUE","TRUE",2
"daejun","TRUE","FALSE","TRUE","TRUE","FALSE","TRUE","FALSE","TRUE","FALSE","FALSE","FALSE","TRUE","FALSE","TRUE","TRUE",2
"daejun","TRUE","FALSE","TRUE","TRUE","FALSE","TRUE","FALSE","TRUE","FALSE","FALSE","FALSE","TRUE","FALSE","TRUE","TRUE",2
"amegfi","TRUE","TRUE","FALSE","FALSE","FALSE","FALSE","FALSE","FALSE","FALSE","FALSE","TRUE","FALSE","FALSE","FALSE","TRUE",4
"bkcchi","FALSE","TRUE","FALSE","TRUE","FALSE","TRUE","FALSE","TRUE","FALSE","TRUE","TRUE","FALSE","FALSE","FALSE","TRUE",1
"blujay","TRUE","FALSE","FALSE","TRUE","TRUE","FALSE","FALSE","TRUE","FALSE","FALSE","FALSE","FALSE","FALSE","FALSE","TRUE",3
"amegfi","TRUE","FALSE","FALSE","TRUE","TRUE","FALSE","FALSE","TRUE","FALSE","FALSE","FALSE","FALSE","FALSE","FALSE","TRUE",3
"blujay","TRUE","FALSE","FALSE","TRUE","TRUE","FALSE","FALSE","TRUE","FALSE","FALSE","FALSE","FALSE","FALSE","FALSE","TRUE",3
"blujay","TRUE","FALSE","FALSE","TRUE","TRUE","FALSE","FALSE","TRUE","FALSE","FALSE","FALSE","FALSE","FALSE","FALSE","TRUE",3
"bkcchi","TRUE","FALSE","FALSE","FALSE","TRUE","FALSE","TRUE","TRUE","FALSE","FALSE","FALSE","FALSE","TRUE","TRUE","TRUE",3
"tuftit","TRUE","FALSE","FALSE","FALSE","TRUE","FALSE","TRUE","TRUE","FALSE","FALSE","FALSE","FALSE","TRUE","TRUE","TRUE",3
"amegfi","TRUE","FALSE","FALSE","FALSE","TRUE","FALSE","TRUE","TRUE","FALSE","FALSE","FALSE","FALSE","TRUE","TRUE","TRUE",3
"blujay","TRUE","TRUE","TRUE","TRUE","FALSE","TRUE","FALSE","FALSE","TRUE","TRUE","TRUE","FALSE","FALSE","FALSE","TRUE",1
"daejun","TRUE","FALSE","TRUE","FALSE","TRUE","TRUE","FALSE","FALSE","FALSE","FALSE","TRUE","TRUE","FALSE","TRUE","TRUE",3
"blujay","TRUE","FALSE","TRUE","FALSE","TRUE","TRUE","FALSE","FALSE","FALSE","FALSE","TRUE","TRUE","FALSE","TRUE","TRUE",3
"daejun","TRUE","TRUE","FALSE","FALSE","FALSE","TRUE","FALSE","TRUE","FALSE","FALSE","FALSE","FALSE","TRUE","TRUE","TRUE",1
"bkcchi","TRUE","TRUE","FALSE","FALSE","FALSE","TRUE","FALSE","TRUE","FALSE","FALSE","FALSE","FALSE","TRUE","TRUE","TRUE",1
"blujay","TRUE","FALSE","TRUE","TRUE","TRUE","TRUE","TRUE","TRUE","TRUE","FALSE","FALSE","TRUE","FALSE","TRUE","TRUE",3
"bkcchi","TRUE","TRUE","FALSE","TRUE","TRUE","TRUE","FALSE","FALSE","FALSE","FALSE","FALSE","TRUE","TRUE","TRUE","TRUE",3
"daejun","TRUE","TRUE","FALSE","TRUE","TRUE","TRUE","FALSE","FALSE","FALSE","FALSE","FALSE","TRUE","TRUE","TRUE","TRUE",3
"blujay","TRUE","TRUE","FALSE","TRUE","TRUE","TRUE","FALSE","FALSE","FALSE","FALSE","FALSE","TRUE","TRUE","TRUE","TRUE",3
"daejun","TRUE","TRUE","FALSE","TRUE","FALSE","FALSE","FALSE","TRUE","TRUE","FALSE","FALSE","FALSE","FALSE","TRUE","TRUE",1
"daejun","TRUE","TRUE","FALSE","TRUE","FALSE","FALSE","FALSE","TRUE","TRUE","FALSE","FALSE","FALSE","FALSE","TRUE","TRUE",1
"blujay","TRUE","TRUE","FALSE","TRUE","FALSE","FALSE","FALSE","TRUE","TRUE","FALSE","FALSE","FALSE","FALSE","TRUE","TRUE",1
"blujay","TRUE","TRUE","TRUE","TRUE","TRUE","TRUE","FALSE","FALSE","FALSE","FALSE","FALSE","FALSE","TRUE","TRUE","TRUE",4
"blujay","TRUE","TRUE","TRUE","TRUE","TRUE","TRUE","FALSE","FALSE","FALSE","FALSE","FALSE","FALSE","TRUE","TRUE","TRUE",4
"bkcchi","TRUE","TRUE","TRUE","FALSE","FALSE","FALSE","FALSE","FALSE","TRUE","FALSE","TRUE","TRUE","FALSE","TRUE","TRUE",3
